psm,oem,result,target,img,model
0,-,-,H764KE799,H764KE799,clean_plate11,by_letters_easyocr
1,-,-,{005KH,C005KM190,clean_plate12,by_letters_easyocr
2,-,-,A4154E974,A715AE977,clean_plate13,by_letters_easyocr
3,-,-,H764KE799,H764KE799,clean_plate21,by_letters_easyocr
4,-,-,{005J,C005KM190,clean_plate22,by_letters_easyocr
5,-,-,A745E477,A715AE977,clean_plate23,by_letters_easyocr
6,-,-,H74KE790,H764KE799,clean_plate31,by_letters_easyocr
7,-,-,4005K,C005KM190,clean_plate32,by_letters_easyocr
8,-,-,A715A97,A715AE977,clean_plate33,by_letters_easyocr
0,-,-,H764KE799,H764KE799,clean_plate11,easyocr
1,-,-,Co5ka@,C005KM190,clean_plate12,easyocr
2,-,-,A7154E97Z,A715AE977,clean_plate13,easyocr
3,-,-,H764KE1v99,H764KE799,clean_plate21,easyocr
4,-,-,cooskMg,C005KM190,clean_plate22,easyocr
5,-,-,071548974,A715AE977,clean_plate23,easyocr
6,-,-,H764KE799,H764KE799,clean_plate31,easyocr
7,-,-,Cosx@,C005KM190,clean_plate32,easyocr
8,-,-,A71548972,A715AE977,clean_plate33,easyocr
0,0,0,,H764KE799,clean_plate11,by_letters_tesseract
1,0,1,,H764KE799,clean_plate11,by_letters_tesseract
2,0,2,,H764KE799,clean_plate11,by_letters_tesseract
3,0,3,,H764KE799,clean_plate11,by_letters_tesseract
4,1,0,,H764KE799,clean_plate11,by_letters_tesseract
5,1,1,,H764KE799,clean_plate11,by_letters_tesseract
6,1,2,,H764KE799,clean_plate11,by_letters_tesseract
7,1,3,,H764KE799,clean_plate11,by_letters_tesseract
8,2,0,,H764KE799,clean_plate11,by_letters_tesseract
9,2,1,,H764KE799,clean_plate11,by_letters_tesseract
10,2,2,,H764KE799,clean_plate11,by_letters_tesseract
11,2,3,,H764KE799,clean_plate11,by_letters_tesseract
12,3,0,,H764KE799,clean_plate11,by_letters_tesseract
13,3,1,,H764KE799,clean_plate11,by_letters_tesseract
14,3,2,,H764KE799,clean_plate11,by_letters_tesseract
15,3,3,,H764KE799,clean_plate11,by_letters_tesseract
16,4,0,,H764KE799,clean_plate11,by_letters_tesseract
17,4,1,,H764KE799,clean_plate11,by_letters_tesseract
18,4,2,,H764KE799,clean_plate11,by_letters_tesseract
19,4,3,,H764KE799,clean_plate11,by_letters_tesseract
20,5,0,,H764KE799,clean_plate11,by_letters_tesseract
21,5,1,1,H764KE799,clean_plate11,by_letters_tesseract
22,5,2,,H764KE799,clean_plate11,by_letters_tesseract
23,5,3,1,H764KE799,clean_plate11,by_letters_tesseract
24,6,0,,H764KE799,clean_plate11,by_letters_tesseract
25,6,1,74KE7,H764KE799,clean_plate11,by_letters_tesseract
26,6,2,,H764KE799,clean_plate11,by_letters_tesseract
27,6,3,74KE7,H764KE799,clean_plate11,by_letters_tesseract
28,7,0,,H764KE799,clean_plate11,by_letters_tesseract
29,7,1,74K9,H764KE799,clean_plate11,by_letters_tesseract
30,7,2,,H764KE799,clean_plate11,by_letters_tesseract
31,7,3,74K9,H764KE799,clean_plate11,by_letters_tesseract
32,8,0,,H764KE799,clean_plate11,by_letters_tesseract
33,8,1,H764KE799,H764KE799,clean_plate11,by_letters_tesseract
34,8,2,,H764KE799,clean_plate11,by_letters_tesseract
35,8,3,H764KE799,H764KE799,clean_plate11,by_letters_tesseract
36,9,0,,H764KE799,clean_plate11,by_letters_tesseract
37,9,1,H764K799,H764KE799,clean_plate11,by_letters_tesseract
38,9,2,,H764KE799,clean_plate11,by_letters_tesseract
39,9,3,H764K799,H764KE799,clean_plate11,by_letters_tesseract
40,10,0,,H764KE799,clean_plate11,by_letters_tesseract
41,10,1,H764K799,H764KE799,clean_plate11,by_letters_tesseract
42,10,2,,H764KE799,clean_plate11,by_letters_tesseract
43,10,3,H764K799,H764KE799,clean_plate11,by_letters_tesseract
44,11,0,,H764KE799,clean_plate11,by_letters_tesseract
45,11,1,79,H764KE799,clean_plate11,by_letters_tesseract
46,11,2,,H764KE799,clean_plate11,by_letters_tesseract
47,11,3,79,H764KE799,clean_plate11,by_letters_tesseract
48,12,0,,H764KE799,clean_plate11,by_letters_tesseract
49,12,1,799,H764KE799,clean_plate11,by_letters_tesseract
50,12,2,,H764KE799,clean_plate11,by_letters_tesseract
51,12,3,799,H764KE799,clean_plate11,by_letters_tesseract
52,13,0,,H764KE799,clean_plate11,by_letters_tesseract
53,13,1,H764KE799,H764KE799,clean_plate11,by_letters_tesseract
54,13,2,,H764KE799,clean_plate11,by_letters_tesseract
55,13,3,H764KE799,H764KE799,clean_plate11,by_letters_tesseract
56,0,0,,C005KM190,clean_plate12,by_letters_tesseract
57,0,1,,C005KM190,clean_plate12,by_letters_tesseract
58,0,2,,C005KM190,clean_plate12,by_letters_tesseract
59,0,3,,C005KM190,clean_plate12,by_letters_tesseract
60,1,0,,C005KM190,clean_plate12,by_letters_tesseract
61,1,1,,C005KM190,clean_plate12,by_letters_tesseract
62,1,2,,C005KM190,clean_plate12,by_letters_tesseract
63,1,3,,C005KM190,clean_plate12,by_letters_tesseract
64,2,0,,C005KM190,clean_plate12,by_letters_tesseract
65,2,1,,C005KM190,clean_plate12,by_letters_tesseract
66,2,2,,C005KM190,clean_plate12,by_letters_tesseract
67,2,3,,C005KM190,clean_plate12,by_letters_tesseract
68,3,0,,C005KM190,clean_plate12,by_letters_tesseract
69,3,1,,C005KM190,clean_plate12,by_letters_tesseract
70,3,2,,C005KM190,clean_plate12,by_letters_tesseract
71,3,3,,C005KM190,clean_plate12,by_letters_tesseract
72,4,0,,C005KM190,clean_plate12,by_letters_tesseract
73,4,1,,C005KM190,clean_plate12,by_letters_tesseract
74,4,2,,C005KM190,clean_plate12,by_letters_tesseract
75,4,3,,C005KM190,clean_plate12,by_letters_tesseract
76,5,0,,C005KM190,clean_plate12,by_letters_tesseract
77,5,1,,C005KM190,clean_plate12,by_letters_tesseract
78,5,2,,C005KM190,clean_plate12,by_letters_tesseract
79,5,3,,C005KM190,clean_plate12,by_letters_tesseract
80,6,0,,C005KM190,clean_plate12,by_letters_tesseract
81,6,1,CE05KM4,C005KM190,clean_plate12,by_letters_tesseract
82,6,2,,C005KM190,clean_plate12,by_letters_tesseract
83,6,3,CE05KM4,C005KM190,clean_plate12,by_letters_tesseract
84,7,0,,C005KM190,clean_plate12,by_letters_tesseract
85,7,1,C005KM,C005KM190,clean_plate12,by_letters_tesseract
86,7,2,,C005KM190,clean_plate12,by_letters_tesseract
87,7,3,C005KM,C005KM190,clean_plate12,by_letters_tesseract
88,8,0,,C005KM190,clean_plate12,by_letters_tesseract
89,8,1,C005KM90,C005KM190,clean_plate12,by_letters_tesseract
90,8,2,,C005KM190,clean_plate12,by_letters_tesseract
91,8,3,C005KM90,C005KM190,clean_plate12,by_letters_tesseract
92,9,0,,C005KM190,clean_plate12,by_letters_tesseract
93,9,1,C005KM90,C005KM190,clean_plate12,by_letters_tesseract
94,9,2,,C005KM190,clean_plate12,by_letters_tesseract
95,9,3,C005KM90,C005KM190,clean_plate12,by_letters_tesseract
96,10,0,,C005KM190,clean_plate12,by_letters_tesseract
97,10,1,C005KM90,C005KM190,clean_plate12,by_letters_tesseract
98,10,2,,C005KM190,clean_plate12,by_letters_tesseract
99,10,3,C005KM90,C005KM190,clean_plate12,by_letters_tesseract
100,11,0,,C005KM190,clean_plate12,by_letters_tesseract
101,11,1,C0590,C005KM190,clean_plate12,by_letters_tesseract
102,11,2,,C005KM190,clean_plate12,by_letters_tesseract
103,11,3,C0590,C005KM190,clean_plate12,by_letters_tesseract
104,12,0,,C005KM190,clean_plate12,by_letters_tesseract
105,12,1,C05,C005KM190,clean_plate12,by_letters_tesseract
106,12,2,,C005KM190,clean_plate12,by_letters_tesseract
107,12,3,C05,C005KM190,clean_plate12,by_letters_tesseract
108,13,0,,C005KM190,clean_plate12,by_letters_tesseract
109,13,1,C005KM90,C005KM190,clean_plate12,by_letters_tesseract
110,13,2,,C005KM190,clean_plate12,by_letters_tesseract
111,13,3,C005KM90,C005KM190,clean_plate12,by_letters_tesseract
112,0,0,,A715AE977,clean_plate13,by_letters_tesseract
113,0,1,,A715AE977,clean_plate13,by_letters_tesseract
114,0,2,,A715AE977,clean_plate13,by_letters_tesseract
115,0,3,,A715AE977,clean_plate13,by_letters_tesseract
116,1,0,,A715AE977,clean_plate13,by_letters_tesseract
117,1,1,,A715AE977,clean_plate13,by_letters_tesseract
118,1,2,,A715AE977,clean_plate13,by_letters_tesseract
119,1,3,,A715AE977,clean_plate13,by_letters_tesseract
120,2,0,,A715AE977,clean_plate13,by_letters_tesseract
121,2,1,,A715AE977,clean_plate13,by_letters_tesseract
122,2,2,,A715AE977,clean_plate13,by_letters_tesseract
123,2,3,,A715AE977,clean_plate13,by_letters_tesseract
124,3,0,,A715AE977,clean_plate13,by_letters_tesseract
125,3,1,,A715AE977,clean_plate13,by_letters_tesseract
126,3,2,,A715AE977,clean_plate13,by_letters_tesseract
127,3,3,,A715AE977,clean_plate13,by_letters_tesseract
128,4,0,,A715AE977,clean_plate13,by_letters_tesseract
129,4,1,,A715AE977,clean_plate13,by_letters_tesseract
130,4,2,,A715AE977,clean_plate13,by_letters_tesseract
131,4,3,,A715AE977,clean_plate13,by_letters_tesseract
132,5,0,,A715AE977,clean_plate13,by_letters_tesseract
133,5,1,,A715AE977,clean_plate13,by_letters_tesseract
134,5,2,,A715AE977,clean_plate13,by_letters_tesseract
135,5,3,,A715AE977,clean_plate13,by_letters_tesseract
136,6,0,,A715AE977,clean_plate13,by_letters_tesseract
137,6,1,A745AE97,A715AE977,clean_plate13,by_letters_tesseract
138,6,2,,A715AE977,clean_plate13,by_letters_tesseract
139,6,3,A745AE97,A715AE977,clean_plate13,by_letters_tesseract
140,7,0,,A715AE977,clean_plate13,by_letters_tesseract
141,7,1,A4AE97,A715AE977,clean_plate13,by_letters_tesseract
142,7,2,,A715AE977,clean_plate13,by_letters_tesseract
143,7,3,A4AE97,A715AE977,clean_plate13,by_letters_tesseract
144,8,0,,A715AE977,clean_plate13,by_letters_tesseract
145,8,1,A745AE977,A715AE977,clean_plate13,by_letters_tesseract
146,8,2,,A715AE977,clean_plate13,by_letters_tesseract
147,8,3,A745AE977,A715AE977,clean_plate13,by_letters_tesseract
148,9,0,,A715AE977,clean_plate13,by_letters_tesseract
149,9,1,A4AE977,A715AE977,clean_plate13,by_letters_tesseract
150,9,2,,A715AE977,clean_plate13,by_letters_tesseract
151,9,3,A4AE977,A715AE977,clean_plate13,by_letters_tesseract
152,10,0,,A715AE977,clean_plate13,by_letters_tesseract
153,10,1,A4AE977,A715AE977,clean_plate13,by_letters_tesseract
154,10,2,,A715AE977,clean_plate13,by_letters_tesseract
155,10,3,A4AE977,A715AE977,clean_plate13,by_letters_tesseract
156,11,0,,A715AE977,clean_plate13,by_letters_tesseract
157,11,1,47,A715AE977,clean_plate13,by_letters_tesseract
158,11,2,,A715AE977,clean_plate13,by_letters_tesseract
159,11,3,47,A715AE977,clean_plate13,by_letters_tesseract
160,12,0,,A715AE977,clean_plate13,by_letters_tesseract
161,12,1,7,A715AE977,clean_plate13,by_letters_tesseract
162,12,2,,A715AE977,clean_plate13,by_letters_tesseract
163,12,3,7,A715AE977,clean_plate13,by_letters_tesseract
164,13,0,,A715AE977,clean_plate13,by_letters_tesseract
165,13,1,A745AE977,A715AE977,clean_plate13,by_letters_tesseract
166,13,2,,A715AE977,clean_plate13,by_letters_tesseract
167,13,3,A745AE977,A715AE977,clean_plate13,by_letters_tesseract
168,0,0,,H764KE799,clean_plate21,by_letters_tesseract
169,0,1,,H764KE799,clean_plate21,by_letters_tesseract
170,0,2,,H764KE799,clean_plate21,by_letters_tesseract
171,0,3,,H764KE799,clean_plate21,by_letters_tesseract
172,1,0,,H764KE799,clean_plate21,by_letters_tesseract
173,1,1,7,H764KE799,clean_plate21,by_letters_tesseract
174,1,2,,H764KE799,clean_plate21,by_letters_tesseract
175,1,3,7,H764KE799,clean_plate21,by_letters_tesseract
176,2,0,,H764KE799,clean_plate21,by_letters_tesseract
177,2,1,,H764KE799,clean_plate21,by_letters_tesseract
178,2,2,,H764KE799,clean_plate21,by_letters_tesseract
179,2,3,,H764KE799,clean_plate21,by_letters_tesseract
180,3,0,,H764KE799,clean_plate21,by_letters_tesseract
181,3,1,7,H764KE799,clean_plate21,by_letters_tesseract
182,3,2,,H764KE799,clean_plate21,by_letters_tesseract
183,3,3,7,H764KE799,clean_plate21,by_letters_tesseract
184,4,0,,H764KE799,clean_plate21,by_letters_tesseract
185,4,1,,H764KE799,clean_plate21,by_letters_tesseract
186,4,2,,H764KE799,clean_plate21,by_letters_tesseract
187,4,3,,H764KE799,clean_plate21,by_letters_tesseract
188,5,0,,H764KE799,clean_plate21,by_letters_tesseract
189,5,1,1E,H764KE799,clean_plate21,by_letters_tesseract
190,5,2,,H764KE799,clean_plate21,by_letters_tesseract
191,5,3,1E,H764KE799,clean_plate21,by_letters_tesseract
192,6,0,,H764KE799,clean_plate21,by_letters_tesseract
193,6,1,KEEE,H764KE799,clean_plate21,by_letters_tesseract
194,6,2,,H764KE799,clean_plate21,by_letters_tesseract
195,6,3,KEEE,H764KE799,clean_plate21,by_letters_tesseract
196,7,0,,H764KE799,clean_plate21,by_letters_tesseract
197,7,1,KE,H764KE799,clean_plate21,by_letters_tesseract
198,7,2,,H764KE799,clean_plate21,by_letters_tesseract
199,7,3,KE,H764KE799,clean_plate21,by_letters_tesseract
200,8,0,,H764KE799,clean_plate21,by_letters_tesseract
201,8,1,H764KE799,H764KE799,clean_plate21,by_letters_tesseract
202,8,2,,H764KE799,clean_plate21,by_letters_tesseract
203,8,3,H764KE799,H764KE799,clean_plate21,by_letters_tesseract
204,9,0,,H764KE799,clean_plate21,by_letters_tesseract
205,9,1,H764KE791,H764KE799,clean_plate21,by_letters_tesseract
206,9,2,,H764KE799,clean_plate21,by_letters_tesseract
207,9,3,H764KE791,H764KE799,clean_plate21,by_letters_tesseract
208,10,0,,H764KE799,clean_plate21,by_letters_tesseract
209,10,1,H764KE791,H764KE799,clean_plate21,by_letters_tesseract
210,10,2,,H764KE799,clean_plate21,by_letters_tesseract
211,10,3,H764KE791,H764KE799,clean_plate21,by_letters_tesseract
212,11,0,,H764KE799,clean_plate21,by_letters_tesseract
213,11,1,74K799,H764KE799,clean_plate21,by_letters_tesseract
214,11,2,,H764KE799,clean_plate21,by_letters_tesseract
215,11,3,74K799,H764KE799,clean_plate21,by_letters_tesseract
216,12,0,,H764KE799,clean_plate21,by_letters_tesseract
217,12,1,74K79,H764KE799,clean_plate21,by_letters_tesseract
218,12,2,,H764KE799,clean_plate21,by_letters_tesseract
219,12,3,74K79,H764KE799,clean_plate21,by_letters_tesseract
220,13,0,,H764KE799,clean_plate21,by_letters_tesseract
221,13,1,H764KE799,H764KE799,clean_plate21,by_letters_tesseract
222,13,2,,H764KE799,clean_plate21,by_letters_tesseract
223,13,3,H764KE799,H764KE799,clean_plate21,by_letters_tesseract
224,0,0,,C005KM190,clean_plate22,by_letters_tesseract
225,0,1,,C005KM190,clean_plate22,by_letters_tesseract
226,0,2,,C005KM190,clean_plate22,by_letters_tesseract
227,0,3,,C005KM190,clean_plate22,by_letters_tesseract
228,1,0,,C005KM190,clean_plate22,by_letters_tesseract
229,1,1,,C005KM190,clean_plate22,by_letters_tesseract
230,1,2,,C005KM190,clean_plate22,by_letters_tesseract
231,1,3,,C005KM190,clean_plate22,by_letters_tesseract
232,2,0,,C005KM190,clean_plate22,by_letters_tesseract
233,2,1,,C005KM190,clean_plate22,by_letters_tesseract
234,2,2,,C005KM190,clean_plate22,by_letters_tesseract
235,2,3,,C005KM190,clean_plate22,by_letters_tesseract
236,3,0,,C005KM190,clean_plate22,by_letters_tesseract
237,3,1,,C005KM190,clean_plate22,by_letters_tesseract
238,3,2,,C005KM190,clean_plate22,by_letters_tesseract
239,3,3,,C005KM190,clean_plate22,by_letters_tesseract
240,4,0,,C005KM190,clean_plate22,by_letters_tesseract
241,4,1,,C005KM190,clean_plate22,by_letters_tesseract
242,4,2,,C005KM190,clean_plate22,by_letters_tesseract
243,4,3,,C005KM190,clean_plate22,by_letters_tesseract
244,5,0,,C005KM190,clean_plate22,by_letters_tesseract
245,5,1,,C005KM190,clean_plate22,by_letters_tesseract
246,5,2,,C005KM190,clean_plate22,by_letters_tesseract
247,5,3,,C005KM190,clean_plate22,by_letters_tesseract
248,6,0,,C005KM190,clean_plate22,by_letters_tesseract
249,6,1,00KKM0,C005KM190,clean_plate22,by_letters_tesseract
250,6,2,,C005KM190,clean_plate22,by_letters_tesseract
251,6,3,00KKM0,C005KM190,clean_plate22,by_letters_tesseract
252,7,0,,C005KM190,clean_plate22,by_letters_tesseract
253,7,1,00KKM0,C005KM190,clean_plate22,by_letters_tesseract
254,7,2,,C005KM190,clean_plate22,by_letters_tesseract
255,7,3,00KKM0,C005KM190,clean_plate22,by_letters_tesseract
256,8,0,,C005KM190,clean_plate22,by_letters_tesseract
257,8,1,C00KM0,C005KM190,clean_plate22,by_letters_tesseract
258,8,2,,C005KM190,clean_plate22,by_letters_tesseract
259,8,3,C00KM0,C005KM190,clean_plate22,by_letters_tesseract
260,9,0,,C005KM190,clean_plate22,by_letters_tesseract
261,9,1,00KKM0,C005KM190,clean_plate22,by_letters_tesseract
262,9,2,,C005KM190,clean_plate22,by_letters_tesseract
263,9,3,00KKM0,C005KM190,clean_plate22,by_letters_tesseract
264,10,0,,C005KM190,clean_plate22,by_letters_tesseract
265,10,1,00KKM0,C005KM190,clean_plate22,by_letters_tesseract
266,10,2,,C005KM190,clean_plate22,by_letters_tesseract
267,10,3,00KKM0,C005KM190,clean_plate22,by_letters_tesseract
268,11,0,,C005KM190,clean_plate22,by_letters_tesseract
269,11,1,050,C005KM190,clean_plate22,by_letters_tesseract
270,11,2,,C005KM190,clean_plate22,by_letters_tesseract
271,11,3,050,C005KM190,clean_plate22,by_letters_tesseract
272,12,0,,C005KM190,clean_plate22,by_letters_tesseract
273,12,1,050,C005KM190,clean_plate22,by_letters_tesseract
274,12,2,,C005KM190,clean_plate22,by_letters_tesseract
275,12,3,050,C005KM190,clean_plate22,by_letters_tesseract
276,13,0,,C005KM190,clean_plate22,by_letters_tesseract
277,13,1,C00KM0,C005KM190,clean_plate22,by_letters_tesseract
278,13,2,,C005KM190,clean_plate22,by_letters_tesseract
279,13,3,C00KM0,C005KM190,clean_plate22,by_letters_tesseract
280,0,0,,A715AE977,clean_plate23,by_letters_tesseract
281,0,1,,A715AE977,clean_plate23,by_letters_tesseract
282,0,2,,A715AE977,clean_plate23,by_letters_tesseract
283,0,3,,A715AE977,clean_plate23,by_letters_tesseract
284,1,0,,A715AE977,clean_plate23,by_letters_tesseract
285,1,1,,A715AE977,clean_plate23,by_letters_tesseract
286,1,2,,A715AE977,clean_plate23,by_letters_tesseract
287,1,3,,A715AE977,clean_plate23,by_letters_tesseract
288,2,0,,A715AE977,clean_plate23,by_letters_tesseract
289,2,1,,A715AE977,clean_plate23,by_letters_tesseract
290,2,2,,A715AE977,clean_plate23,by_letters_tesseract
291,2,3,,A715AE977,clean_plate23,by_letters_tesseract
292,3,0,,A715AE977,clean_plate23,by_letters_tesseract
293,3,1,,A715AE977,clean_plate23,by_letters_tesseract
294,3,2,,A715AE977,clean_plate23,by_letters_tesseract
295,3,3,,A715AE977,clean_plate23,by_letters_tesseract
296,4,0,,A715AE977,clean_plate23,by_letters_tesseract
297,4,1,,A715AE977,clean_plate23,by_letters_tesseract
298,4,2,,A715AE977,clean_plate23,by_letters_tesseract
299,4,3,,A715AE977,clean_plate23,by_letters_tesseract
300,5,0,,A715AE977,clean_plate23,by_letters_tesseract
301,5,1,1,A715AE977,clean_plate23,by_letters_tesseract
302,5,2,,A715AE977,clean_plate23,by_letters_tesseract
303,5,3,1,A715AE977,clean_plate23,by_letters_tesseract
304,6,0,,A715AE977,clean_plate23,by_letters_tesseract
305,6,1,A5A97,A715AE977,clean_plate23,by_letters_tesseract
306,6,2,,A715AE977,clean_plate23,by_letters_tesseract
307,6,3,A5A97,A715AE977,clean_plate23,by_letters_tesseract
308,7,0,,A715AE977,clean_plate23,by_letters_tesseract
309,7,1,A5A97,A715AE977,clean_plate23,by_letters_tesseract
310,7,2,,A715AE977,clean_plate23,by_letters_tesseract
311,7,3,A5A97,A715AE977,clean_plate23,by_letters_tesseract
312,8,0,,A715AE977,clean_plate23,by_letters_tesseract
313,8,1,A745AE977,A715AE977,clean_plate23,by_letters_tesseract
314,8,2,,A715AE977,clean_plate23,by_letters_tesseract
315,8,3,A745AE977,A715AE977,clean_plate23,by_letters_tesseract
316,9,0,,A715AE977,clean_plate23,by_letters_tesseract
317,9,1,A745AE977,A715AE977,clean_plate23,by_letters_tesseract
318,9,2,,A715AE977,clean_plate23,by_letters_tesseract
319,9,3,A745AE977,A715AE977,clean_plate23,by_letters_tesseract
320,10,0,,A715AE977,clean_plate23,by_letters_tesseract
321,10,1,A745AE977,A715AE977,clean_plate23,by_letters_tesseract
322,10,2,,A715AE977,clean_plate23,by_letters_tesseract
323,10,3,A745AE977,A715AE977,clean_plate23,by_letters_tesseract
324,11,0,,A715AE977,clean_plate23,by_letters_tesseract
325,11,1,97,A715AE977,clean_plate23,by_letters_tesseract
326,11,2,,A715AE977,clean_plate23,by_letters_tesseract
327,11,3,97,A715AE977,clean_plate23,by_letters_tesseract
328,12,0,,A715AE977,clean_plate23,by_letters_tesseract
329,12,1,97,A715AE977,clean_plate23,by_letters_tesseract
330,12,2,,A715AE977,clean_plate23,by_letters_tesseract
331,12,3,97,A715AE977,clean_plate23,by_letters_tesseract
332,13,0,,A715AE977,clean_plate23,by_letters_tesseract
333,13,1,A745AE977,A715AE977,clean_plate23,by_letters_tesseract
334,13,2,,A715AE977,clean_plate23,by_letters_tesseract
335,13,3,A745AE977,A715AE977,clean_plate23,by_letters_tesseract
336,0,0,,H764KE799,clean_plate31,by_letters_tesseract
337,0,1,,H764KE799,clean_plate31,by_letters_tesseract
338,0,2,,H764KE799,clean_plate31,by_letters_tesseract
339,0,3,,H764KE799,clean_plate31,by_letters_tesseract
340,1,0,,H764KE799,clean_plate31,by_letters_tesseract
341,1,1,,H764KE799,clean_plate31,by_letters_tesseract
342,1,2,,H764KE799,clean_plate31,by_letters_tesseract
343,1,3,,H764KE799,clean_plate31,by_letters_tesseract
344,2,0,,H764KE799,clean_plate31,by_letters_tesseract
345,2,1,,H764KE799,clean_plate31,by_letters_tesseract
346,2,2,,H764KE799,clean_plate31,by_letters_tesseract
347,2,3,,H764KE799,clean_plate31,by_letters_tesseract
348,3,0,,H764KE799,clean_plate31,by_letters_tesseract
349,3,1,,H764KE799,clean_plate31,by_letters_tesseract
350,3,2,,H764KE799,clean_plate31,by_letters_tesseract
351,3,3,,H764KE799,clean_plate31,by_letters_tesseract
352,4,0,,H764KE799,clean_plate31,by_letters_tesseract
353,4,1,,H764KE799,clean_plate31,by_letters_tesseract
354,4,2,,H764KE799,clean_plate31,by_letters_tesseract
355,4,3,,H764KE799,clean_plate31,by_letters_tesseract
356,5,0,,H764KE799,clean_plate31,by_letters_tesseract
357,5,1,,H764KE799,clean_plate31,by_letters_tesseract
358,5,2,,H764KE799,clean_plate31,by_letters_tesseract
359,5,3,,H764KE799,clean_plate31,by_letters_tesseract
360,6,0,,H764KE799,clean_plate31,by_letters_tesseract
361,6,1,KE79,H764KE799,clean_plate31,by_letters_tesseract
362,6,2,,H764KE799,clean_plate31,by_letters_tesseract
363,6,3,KE79,H764KE799,clean_plate31,by_letters_tesseract
364,7,0,,H764KE799,clean_plate31,by_letters_tesseract
365,7,1,KE79,H764KE799,clean_plate31,by_letters_tesseract
366,7,2,,H764KE799,clean_plate31,by_letters_tesseract
367,7,3,KE79,H764KE799,clean_plate31,by_letters_tesseract
368,8,0,,H764KE799,clean_plate31,by_letters_tesseract
369,8,1,H764KE799,H764KE799,clean_plate31,by_letters_tesseract
370,8,2,,H764KE799,clean_plate31,by_letters_tesseract
371,8,3,H764KE799,H764KE799,clean_plate31,by_letters_tesseract
372,9,0,,H764KE799,clean_plate31,by_letters_tesseract
373,9,1,H764KE799,H764KE799,clean_plate31,by_letters_tesseract
374,9,2,,H764KE799,clean_plate31,by_letters_tesseract
375,9,3,H764KE799,H764KE799,clean_plate31,by_letters_tesseract
376,10,0,,H764KE799,clean_plate31,by_letters_tesseract
377,10,1,H764KE799,H764KE799,clean_plate31,by_letters_tesseract
378,10,2,,H764KE799,clean_plate31,by_letters_tesseract
379,10,3,H764KE799,H764KE799,clean_plate31,by_letters_tesseract
380,11,0,,H764KE799,clean_plate31,by_letters_tesseract
381,11,1,74K799,H764KE799,clean_plate31,by_letters_tesseract
382,11,2,,H764KE799,clean_plate31,by_letters_tesseract
383,11,3,74K799,H764KE799,clean_plate31,by_letters_tesseract
384,12,0,,H764KE799,clean_plate31,by_letters_tesseract
385,12,1,74K799,H764KE799,clean_plate31,by_letters_tesseract
386,12,2,,H764KE799,clean_plate31,by_letters_tesseract
387,12,3,74K799,H764KE799,clean_plate31,by_letters_tesseract
388,13,0,,H764KE799,clean_plate31,by_letters_tesseract
389,13,1,H764KE799,H764KE799,clean_plate31,by_letters_tesseract
390,13,2,,H764KE799,clean_plate31,by_letters_tesseract
391,13,3,H764KE799,H764KE799,clean_plate31,by_letters_tesseract
392,0,0,,C005KM190,clean_plate32,by_letters_tesseract
393,0,1,,C005KM190,clean_plate32,by_letters_tesseract
394,0,2,,C005KM190,clean_plate32,by_letters_tesseract
395,0,3,,C005KM190,clean_plate32,by_letters_tesseract
396,1,0,,C005KM190,clean_plate32,by_letters_tesseract
397,1,1,,C005KM190,clean_plate32,by_letters_tesseract
398,1,2,,C005KM190,clean_plate32,by_letters_tesseract
399,1,3,,C005KM190,clean_plate32,by_letters_tesseract
400,2,0,,C005KM190,clean_plate32,by_letters_tesseract
401,2,1,,C005KM190,clean_plate32,by_letters_tesseract
402,2,2,,C005KM190,clean_plate32,by_letters_tesseract
403,2,3,,C005KM190,clean_plate32,by_letters_tesseract
404,3,0,,C005KM190,clean_plate32,by_letters_tesseract
405,3,1,,C005KM190,clean_plate32,by_letters_tesseract
406,3,2,,C005KM190,clean_plate32,by_letters_tesseract
407,3,3,,C005KM190,clean_plate32,by_letters_tesseract
408,4,0,,C005KM190,clean_plate32,by_letters_tesseract
409,4,1,,C005KM190,clean_plate32,by_letters_tesseract
410,4,2,,C005KM190,clean_plate32,by_letters_tesseract
411,4,3,,C005KM190,clean_plate32,by_letters_tesseract
412,5,0,,C005KM190,clean_plate32,by_letters_tesseract
413,5,1,,C005KM190,clean_plate32,by_letters_tesseract
414,5,2,,C005KM190,clean_plate32,by_letters_tesseract
415,5,3,,C005KM190,clean_plate32,by_letters_tesseract
416,6,0,,C005KM190,clean_plate32,by_letters_tesseract
417,6,1,05K,C005KM190,clean_plate32,by_letters_tesseract
418,6,2,,C005KM190,clean_plate32,by_letters_tesseract
419,6,3,05K,C005KM190,clean_plate32,by_letters_tesseract
420,7,0,,C005KM190,clean_plate32,by_letters_tesseract
421,7,1,05K,C005KM190,clean_plate32,by_letters_tesseract
422,7,2,,C005KM190,clean_plate32,by_letters_tesseract
423,7,3,05K,C005KM190,clean_plate32,by_letters_tesseract
424,8,0,,C005KM190,clean_plate32,by_letters_tesseract
425,8,1,C005KM,C005KM190,clean_plate32,by_letters_tesseract
426,8,2,,C005KM190,clean_plate32,by_letters_tesseract
427,8,3,C005KM,C005KM190,clean_plate32,by_letters_tesseract
428,9,0,,C005KM190,clean_plate32,by_letters_tesseract
429,9,1,005K4,C005KM190,clean_plate32,by_letters_tesseract
430,9,2,,C005KM190,clean_plate32,by_letters_tesseract
431,9,3,005K4,C005KM190,clean_plate32,by_letters_tesseract
432,10,0,,C005KM190,clean_plate32,by_letters_tesseract
433,10,1,C005K4,C005KM190,clean_plate32,by_letters_tesseract
434,10,2,,C005KM190,clean_plate32,by_letters_tesseract
435,10,3,C005K4,C005KM190,clean_plate32,by_letters_tesseract
436,11,0,,C005KM190,clean_plate32,by_letters_tesseract
437,11,1,0K,C005KM190,clean_plate32,by_letters_tesseract
438,11,2,,C005KM190,clean_plate32,by_letters_tesseract
439,11,3,0K,C005KM190,clean_plate32,by_letters_tesseract
440,12,0,,C005KM190,clean_plate32,by_letters_tesseract
441,12,1,0K,C005KM190,clean_plate32,by_letters_tesseract
442,12,2,,C005KM190,clean_plate32,by_letters_tesseract
443,12,3,0K,C005KM190,clean_plate32,by_letters_tesseract
444,13,0,,C005KM190,clean_plate32,by_letters_tesseract
445,13,1,C005KM,C005KM190,clean_plate32,by_letters_tesseract
446,13,2,,C005KM190,clean_plate32,by_letters_tesseract
447,13,3,C005KM,C005KM190,clean_plate32,by_letters_tesseract
448,0,0,,A715AE977,clean_plate33,by_letters_tesseract
449,0,1,,A715AE977,clean_plate33,by_letters_tesseract
450,0,2,,A715AE977,clean_plate33,by_letters_tesseract
451,0,3,,A715AE977,clean_plate33,by_letters_tesseract
452,1,0,,A715AE977,clean_plate33,by_letters_tesseract
453,1,1,,A715AE977,clean_plate33,by_letters_tesseract
454,1,2,,A715AE977,clean_plate33,by_letters_tesseract
455,1,3,,A715AE977,clean_plate33,by_letters_tesseract
456,2,0,,A715AE977,clean_plate33,by_letters_tesseract
457,2,1,,A715AE977,clean_plate33,by_letters_tesseract
458,2,2,,A715AE977,clean_plate33,by_letters_tesseract
459,2,3,,A715AE977,clean_plate33,by_letters_tesseract
460,3,0,,A715AE977,clean_plate33,by_letters_tesseract
461,3,1,,A715AE977,clean_plate33,by_letters_tesseract
462,3,2,,A715AE977,clean_plate33,by_letters_tesseract
463,3,3,,A715AE977,clean_plate33,by_letters_tesseract
464,4,0,,A715AE977,clean_plate33,by_letters_tesseract
465,4,1,,A715AE977,clean_plate33,by_letters_tesseract
466,4,2,,A715AE977,clean_plate33,by_letters_tesseract
467,4,3,,A715AE977,clean_plate33,by_letters_tesseract
468,5,0,,A715AE977,clean_plate33,by_letters_tesseract
469,5,1,11,A715AE977,clean_plate33,by_letters_tesseract
470,5,2,,A715AE977,clean_plate33,by_letters_tesseract
471,5,3,11,A715AE977,clean_plate33,by_letters_tesseract
472,6,0,,A715AE977,clean_plate33,by_letters_tesseract
473,6,1,A75A7,A715AE977,clean_plate33,by_letters_tesseract
474,6,2,,A715AE977,clean_plate33,by_letters_tesseract
475,6,3,A75A7,A715AE977,clean_plate33,by_letters_tesseract
476,7,0,,A715AE977,clean_plate33,by_letters_tesseract
477,7,1,A75A7,A715AE977,clean_plate33,by_letters_tesseract
478,7,2,,A715AE977,clean_plate33,by_letters_tesseract
479,7,3,A75A7,A715AE977,clean_plate33,by_letters_tesseract
480,8,0,,A715AE977,clean_plate33,by_letters_tesseract
481,8,1,A74AE97,A715AE977,clean_plate33,by_letters_tesseract
482,8,2,,A715AE977,clean_plate33,by_letters_tesseract
483,8,3,A74AE97,A715AE977,clean_plate33,by_letters_tesseract
484,9,0,,A715AE977,clean_plate33,by_letters_tesseract
485,9,1,A745AE97,A715AE977,clean_plate33,by_letters_tesseract
486,9,2,,A715AE977,clean_plate33,by_letters_tesseract
487,9,3,A745AE97,A715AE977,clean_plate33,by_letters_tesseract
488,10,0,,A715AE977,clean_plate33,by_letters_tesseract
489,10,1,A745AE97,A715AE977,clean_plate33,by_letters_tesseract
490,10,2,,A715AE977,clean_plate33,by_letters_tesseract
491,10,3,A745AE97,A715AE977,clean_plate33,by_letters_tesseract
492,11,0,,A715AE977,clean_plate33,by_letters_tesseract
493,11,1,9,A715AE977,clean_plate33,by_letters_tesseract
494,11,2,,A715AE977,clean_plate33,by_letters_tesseract
495,11,3,9,A715AE977,clean_plate33,by_letters_tesseract
496,12,0,,A715AE977,clean_plate33,by_letters_tesseract
497,12,1,9,A715AE977,clean_plate33,by_letters_tesseract
498,12,2,,A715AE977,clean_plate33,by_letters_tesseract
499,12,3,9,A715AE977,clean_plate33,by_letters_tesseract
500,13,0,,A715AE977,clean_plate33,by_letters_tesseract
501,13,1,A74AE97,A715AE977,clean_plate33,by_letters_tesseract
502,13,2,,A715AE977,clean_plate33,by_letters_tesseract
503,13,3,A74AE97,A715AE977,clean_plate33,by_letters_tesseract
0,1,1,,H764KE799,clean_plate11,tesseract
1,1,3,,H764KE799,clean_plate11,tesseract
2,3,1,,H764KE799,clean_plate11,tesseract
3,3,3,,H764KE799,clean_plate11,tesseract
4,4,1,,H764KE799,clean_plate11,tesseract
5,4,3,,H764KE799,clean_plate11,tesseract
6,5,1,"E
",H764KE799,clean_plate11,tesseract
7,5,3,"E
",H764KE799,clean_plate11,tesseract
8,6,1,"H764KE994
",H764KE799,clean_plate11,tesseract
9,6,3,"H764KE994
",H764KE799,clean_plate11,tesseract
10,7,1,"H764KE994
",H764KE799,clean_plate11,tesseract
11,7,3,"H764KE994
",H764KE799,clean_plate11,tesseract
12,8,1,"H764KE994
",H764KE799,clean_plate11,tesseract
13,8,3,"H764KE994
",H764KE799,clean_plate11,tesseract
14,9,1,"H764KE994
",H764KE799,clean_plate11,tesseract
15,9,3,"H764KE994
",H764KE799,clean_plate11,tesseract
16,10,1,"H764KE994
",H764KE799,clean_plate11,tesseract
17,10,3,"H764KE994
",H764KE799,clean_plate11,tesseract
18,11,1,,H764KE799,clean_plate11,tesseract
19,11,3,,H764KE799,clean_plate11,tesseract
20,12,1,"E

H764KE
",H764KE799,clean_plate11,tesseract
21,12,3,"E

H764KE
",H764KE799,clean_plate11,tesseract
22,13,1,"H764KE994
",H764KE799,clean_plate11,tesseract
23,13,3,"H764KE994
",H764KE799,clean_plate11,tesseract
24,1,1,,C005KM190,clean_plate12,tesseract
25,1,3,,C005KM190,clean_plate12,tesseract
26,3,1,,C005KM190,clean_plate12,tesseract
27,3,3,,C005KM190,clean_plate12,tesseract
28,4,1,,C005KM190,clean_plate12,tesseract
29,4,3,,C005KM190,clean_plate12,tesseract
30,5,1,,C005KM190,clean_plate12,tesseract
31,5,3,,C005KM190,clean_plate12,tesseract
32,6,1,,C005KM190,clean_plate12,tesseract
33,6,3,,C005KM190,clean_plate12,tesseract
34,7,1,,C005KM190,clean_plate12,tesseract
35,7,3,,C005KM190,clean_plate12,tesseract
36,8,1,"C005KM
",C005KM190,clean_plate12,tesseract
37,8,3,"C005KM
",C005KM190,clean_plate12,tesseract
38,9,1,"C05KM
",C005KM190,clean_plate12,tesseract
39,9,3,"C05KM
",C005KM190,clean_plate12,tesseract
40,10,1,"C05KM
",C005KM190,clean_plate12,tesseract
41,10,3,"C05KM
",C005KM190,clean_plate12,tesseract
42,11,1,,C005KM190,clean_plate12,tesseract
43,11,3,,C005KM190,clean_plate12,tesseract
44,12,1,,C005KM190,clean_plate12,tesseract
45,12,3,,C005KM190,clean_plate12,tesseract
46,13,1,"C005KM
",C005KM190,clean_plate12,tesseract
47,13,3,"C005KM
",C005KM190,clean_plate12,tesseract
48,1,1,,A715AE977,clean_plate13,tesseract
49,1,3,,A715AE977,clean_plate13,tesseract
50,3,1,,A715AE977,clean_plate13,tesseract
51,3,3,,A715AE977,clean_plate13,tesseract
52,4,1,,A715AE977,clean_plate13,tesseract
53,4,3,,A715AE977,clean_plate13,tesseract
54,5,1,,A715AE977,clean_plate13,tesseract
55,5,3,,A715AE977,clean_plate13,tesseract
56,6,1,"A715AE9779
",A715AE977,clean_plate13,tesseract
57,6,3,"A715AE9779
",A715AE977,clean_plate13,tesseract
58,7,1,"A715AE9779
",A715AE977,clean_plate13,tesseract
59,7,3,"A715AE9779
",A715AE977,clean_plate13,tesseract
60,8,1,"71509775
",A715AE977,clean_plate13,tesseract
61,8,3,"71509775
",A715AE977,clean_plate13,tesseract
62,9,1,"A715AE9779
",A715AE977,clean_plate13,tesseract
63,9,3,"A715AE9779
",A715AE977,clean_plate13,tesseract
64,10,1,"A715AE9779
",A715AE977,clean_plate13,tesseract
65,10,3,"A715AE9779
",A715AE977,clean_plate13,tesseract
66,11,1,"A715AE97
",A715AE977,clean_plate13,tesseract
67,11,3,"A715AE97
",A715AE977,clean_plate13,tesseract
68,12,1,"A715AE97
",A715AE977,clean_plate13,tesseract
69,12,3,"A715AE97
",A715AE977,clean_plate13,tesseract
70,13,1,"71509775
",A715AE977,clean_plate13,tesseract
71,13,3,"71509775
",A715AE977,clean_plate13,tesseract
72,1,1,,H764KE799,clean_plate21,tesseract
73,1,3,,H764KE799,clean_plate21,tesseract
74,3,1,,H764KE799,clean_plate21,tesseract
75,3,3,,H764KE799,clean_plate21,tesseract
76,4,1,,H764KE799,clean_plate21,tesseract
77,4,3,,H764KE799,clean_plate21,tesseract
78,5,1,"E
",H764KE799,clean_plate21,tesseract
79,5,3,"E
",H764KE799,clean_plate21,tesseract
80,6,1,"764KE99
",H764KE799,clean_plate21,tesseract
81,6,3,"764KE99
",H764KE799,clean_plate21,tesseract
82,7,1,"764KE99
",H764KE799,clean_plate21,tesseract
83,7,3,"764KE99
",H764KE799,clean_plate21,tesseract
84,8,1,"764KE99
",H764KE799,clean_plate21,tesseract
85,8,3,"764KE99
",H764KE799,clean_plate21,tesseract
86,9,1,"764KE99
",H764KE799,clean_plate21,tesseract
87,9,3,"764KE99
",H764KE799,clean_plate21,tesseract
88,10,1,"764KE99
",H764KE799,clean_plate21,tesseract
89,10,3,"764KE99
",H764KE799,clean_plate21,tesseract
90,11,1,"H764KE7
",H764KE799,clean_plate21,tesseract
91,11,3,"H764KE7
",H764KE799,clean_plate21,tesseract
92,12,1,,H764KE799,clean_plate21,tesseract
93,12,3,,H764KE799,clean_plate21,tesseract
94,13,1,"764KE99
",H764KE799,clean_plate21,tesseract
95,13,3,"764KE99
",H764KE799,clean_plate21,tesseract
96,1,1,,C005KM190,clean_plate22,tesseract
97,1,3,,C005KM190,clean_plate22,tesseract
98,3,1,,C005KM190,clean_plate22,tesseract
99,3,3,,C005KM190,clean_plate22,tesseract
100,4,1,,C005KM190,clean_plate22,tesseract
101,4,3,,C005KM190,clean_plate22,tesseract
102,5,1,,C005KM190,clean_plate22,tesseract
103,5,3,,C005KM190,clean_plate22,tesseract
104,6,1,"C005KM
",C005KM190,clean_plate22,tesseract
105,6,3,"C005KM
",C005KM190,clean_plate22,tesseract
106,7,1,"C005KM
",C005KM190,clean_plate22,tesseract
107,7,3,"C005KM
",C005KM190,clean_plate22,tesseract
108,8,1,"005KM
",C005KM190,clean_plate22,tesseract
109,8,3,"005KM
",C005KM190,clean_plate22,tesseract
110,9,1,"C005KM
",C005KM190,clean_plate22,tesseract
111,9,3,"C005KM
",C005KM190,clean_plate22,tesseract
112,10,1,"C005KM
",C005KM190,clean_plate22,tesseract
113,10,3,"C005KM
",C005KM190,clean_plate22,tesseract
114,11,1,"C005KM
",C005KM190,clean_plate22,tesseract
115,11,3,"C005KM
",C005KM190,clean_plate22,tesseract
116,12,1,"C005KM

0
",C005KM190,clean_plate22,tesseract
117,12,3,"C005KM

0
",C005KM190,clean_plate22,tesseract
118,13,1,"005KM
",C005KM190,clean_plate22,tesseract
119,13,3,"005KM
",C005KM190,clean_plate22,tesseract
120,1,1,"A715AE977
",A715AE977,clean_plate23,tesseract
121,1,3,"A715AE977
",A715AE977,clean_plate23,tesseract
122,3,1,"A715AE977
",A715AE977,clean_plate23,tesseract
123,3,3,"A715AE977
",A715AE977,clean_plate23,tesseract
124,4,1,"A715AE977
",A715AE977,clean_plate23,tesseract
125,4,3,"A715AE977
",A715AE977,clean_plate23,tesseract
126,5,1,"A
A
4
",A715AE977,clean_plate23,tesseract
127,5,3,"A
A
4
",A715AE977,clean_plate23,tesseract
128,6,1,"A715AE977
",A715AE977,clean_plate23,tesseract
129,6,3,"A715AE977
",A715AE977,clean_plate23,tesseract
130,7,1,"A715AE977
",A715AE977,clean_plate23,tesseract
131,7,3,"A715AE977
",A715AE977,clean_plate23,tesseract
132,8,1,"A715AE977
",A715AE977,clean_plate23,tesseract
133,8,3,"A715AE977
",A715AE977,clean_plate23,tesseract
134,9,1,"A715AE9
",A715AE977,clean_plate23,tesseract
135,9,3,"A715AE9
",A715AE977,clean_plate23,tesseract
136,10,1,"A715AE977
",A715AE977,clean_plate23,tesseract
137,10,3,"A715AE977
",A715AE977,clean_plate23,tesseract
138,11,1,"A715AE977
",A715AE977,clean_plate23,tesseract
139,11,3,"A715AE977
",A715AE977,clean_plate23,tesseract
140,12,1,"A715AE977
",A715AE977,clean_plate23,tesseract
141,12,3,"A715AE977
",A715AE977,clean_plate23,tesseract
142,13,1,"A715AE977
",A715AE977,clean_plate23,tesseract
143,13,3,"A715AE977
",A715AE977,clean_plate23,tesseract
144,1,1,,H764KE799,clean_plate31,tesseract
145,1,3,,H764KE799,clean_plate31,tesseract
146,3,1,,H764KE799,clean_plate31,tesseract
147,3,3,,H764KE799,clean_plate31,tesseract
148,4,1,"764KE
",H764KE799,clean_plate31,tesseract
149,4,3,"764KE
",H764KE799,clean_plate31,tesseract
150,5,1,"E
",H764KE799,clean_plate31,tesseract
151,5,3,"E
",H764KE799,clean_plate31,tesseract
152,6,1,"764KE
",H764KE799,clean_plate31,tesseract
153,6,3,"764KE
",H764KE799,clean_plate31,tesseract
154,7,1,"764KE
",H764KE799,clean_plate31,tesseract
155,7,3,"764KE
",H764KE799,clean_plate31,tesseract
156,8,1,"764KE
",H764KE799,clean_plate31,tesseract
157,8,3,"764KE
",H764KE799,clean_plate31,tesseract
158,9,1,"764KE
",H764KE799,clean_plate31,tesseract
159,9,3,"764KE
",H764KE799,clean_plate31,tesseract
160,10,1,"764KE
",H764KE799,clean_plate31,tesseract
161,10,3,"764KE
",H764KE799,clean_plate31,tesseract
162,11,1,,H764KE799,clean_plate31,tesseract
163,11,3,,H764KE799,clean_plate31,tesseract
164,12,1,"E
",H764KE799,clean_plate31,tesseract
165,12,3,"E
",H764KE799,clean_plate31,tesseract
166,13,1,"764KE
",H764KE799,clean_plate31,tesseract
167,13,3,"764KE
",H764KE799,clean_plate31,tesseract
168,1,1,,C005KM190,clean_plate32,tesseract
169,1,3,,C005KM190,clean_plate32,tesseract
170,3,1,,C005KM190,clean_plate32,tesseract
171,3,3,,C005KM190,clean_plate32,tesseract
172,4,1,,C005KM190,clean_plate32,tesseract
173,4,3,,C005KM190,clean_plate32,tesseract
174,5,1,"4
K
",C005KM190,clean_plate32,tesseract
175,5,3,"4
K
",C005KM190,clean_plate32,tesseract
176,6,1,,C005KM190,clean_plate32,tesseract
177,6,3,,C005KM190,clean_plate32,tesseract
178,7,1,,C005KM190,clean_plate32,tesseract
179,7,3,,C005KM190,clean_plate32,tesseract
180,8,1,"005KM
",C005KM190,clean_plate32,tesseract
181,8,3,"005KM
",C005KM190,clean_plate32,tesseract
182,9,1,"C005KM
",C005KM190,clean_plate32,tesseract
183,9,3,"C005KM
",C005KM190,clean_plate32,tesseract
184,10,1,"C005KM
",C005KM190,clean_plate32,tesseract
185,10,3,"C005KM
",C005KM190,clean_plate32,tesseract
186,11,1,"C005KM

490
",C005KM190,clean_plate32,tesseract
187,11,3,"C005KM

490
",C005KM190,clean_plate32,tesseract
188,12,1,"C005KM

490
",C005KM190,clean_plate32,tesseract
189,12,3,"C005KM

490
",C005KM190,clean_plate32,tesseract
190,13,1,"005KM
",C005KM190,clean_plate32,tesseract
191,13,3,"005KM
",C005KM190,clean_plate32,tesseract
192,1,1,,A715AE977,clean_plate33,tesseract
193,1,3,,A715AE977,clean_plate33,tesseract
194,3,1,,A715AE977,clean_plate33,tesseract
195,3,3,,A715AE977,clean_plate33,tesseract
196,4,1,,A715AE977,clean_plate33,tesseract
197,4,3,,A715AE977,clean_plate33,tesseract
198,5,1,,A715AE977,clean_plate33,tesseract
199,5,3,,A715AE977,clean_plate33,tesseract
200,6,1,"A7150E 5 775
",A715AE977,clean_plate33,tesseract
201,6,3,"A7150E 5 775
",A715AE977,clean_plate33,tesseract
202,7,1,"A7150E 5 775
",A715AE977,clean_plate33,tesseract
203,7,3,"A7150E 5 775
",A715AE977,clean_plate33,tesseract
204,8,1,"A715AE977
",A715AE977,clean_plate33,tesseract
205,8,3,"A715AE977
",A715AE977,clean_plate33,tesseract
206,9,1,"A5AEE
",A715AE977,clean_plate33,tesseract
207,9,3,"A5AEE
",A715AE977,clean_plate33,tesseract
208,10,1,"A715AE977
",A715AE977,clean_plate33,tesseract
209,10,3,"A715AE977
",A715AE977,clean_plate33,tesseract
210,11,1,"A715AE977
",A715AE977,clean_plate33,tesseract
211,11,3,"A715AE977
",A715AE977,clean_plate33,tesseract
212,12,1,"A715AE977
",A715AE977,clean_plate33,tesseract
213,12,3,"A715AE977
",A715AE977,clean_plate33,tesseract
214,13,1,"A715AE977
",A715AE977,clean_plate33,tesseract
215,13,3,"A715AE977
",A715AE977,clean_plate33,tesseract
